mulberry_street,https://www.earthcam.com/usa/newyork/littleitaly/?cam=littleitaly
miami,https://www.earthcam.com/usa/florida/miamiandthebeaches/?cam=miamibeach10
news_cafe,https://www.earthcam.com/cams/florida/miami/?cam=miami
key_west,https://www.earthcam.com/usa/florida/keywest/?cam=irishkevins
naples_bay,https://www.earthcam.com/usa/florida/naples/?cam=naplespier
myrtle_beach_south,https://www.earthcam.com/usa/southcarolina/myrtlebeach/?cam=myrtlebeach_hd
myrtle_beach_north,https://www.earthcam.com/usa/southcarolina/myrtlebeach/?cam=myrtlebeach_hd2
bourbon_street,https://www.earthcam.com/usa/louisiana/neworleans/bourbonstreet/?cam=bourbonstreet
catsmeow2,https://www.earthcam.com/usa/louisiana/neworleans/bourbonstreet/?cam=catsmeow2
seasideheights,https://www.earthcam.com/usa/newjersey/seasideheights/?cam=seasideheights
seasideheights2,https://www.earthcam.com/usa/newjersey/seasideheights/?cam=seasideheights2
wrigleyville,https://www.earthcam.com/usa/illinois/chicago/wrigleyville/?cam=wrigleyville
wrigleyfield_hd,https://www.earthcam.com/usa/illinois/chicago/wrigleyfield/?cam=wrigleyfield_hd
hotel_indigo_athens,https://www.earthcam.com/usa/georgia/athens/?cam=athensga
Aspen_Square_Pool,https://www.coloradowebcam.net/webcam/aspensq02/current.jpg
Aspen_Square_Hotel,https://www.coloradowebcam.net/webcam/aspensq03/current.jpg
Ski_Mtn_Gondola_Gather,https://www.coloradowebcam.net/webcam/aspensq04/current.jpg
Washington_Coupeville,http://coupevilleweather.us/webcam/weathercam.jpg
Leavenworth_Washington_Frontstreet,https://2ganwc3heo6y2kcytm13s0hf-wpengine.netdna-ssl.com/wp-content/dialup/frontstreet.jpg
Leavenworth_Washington_Festhalle,https://2ganwc3heo6y2kcytm13s0hf-wpengine.netdna-ssl.com/wp-content/dialup/festhalle.jpg
Leavenworth_Washington_Promenade,https://2ganwc3heo6y2kcytm13s0hf-wpengine.netdna-ssl.com/wp-content/dialup/promenade1.jpg
Winter_Heaven_Florida,http://24.73.111.162/mjpg/video.mjpg
Cherry_Hills_NewJersey,http://162.17.248.193:81/mjpg/video.mjpg
Core_Campus_Clemson,http://camera.clemson.edu/core2/fullsize.jpg
Walsh_Gardner_Tacoma,http://www.washington.edu/cambots/camera4_l.jpg
Times_Square,https://www.youtube.com/watch?v=mRe-514tGMg
Church_Street,https://www.youtube.com/watch?v=7DVUvR_ic-M
Watertown_NY,https://www.youtube.com/watch?v=qP1y7Tdab7Y
Jackson_Hole_Town_Square,https://www.youtube.com/watch?v=1EiC9bvVGnk
Port_Huron_Michigan_USA,https://www.youtube.com/watch?v=AAYiFaPV8G4
Jackson_Town_Square_SW,https://www.youtube.com/watch?v=DoUOrTJbIu4
1560_Broadway,https://www.youtube.com/watch?v=4qyZLflp-sI
Alpine_Lodge_Ketchum_Idaho,https://www.youtube.com/watch?v=Y_TLxje5Qw4
Main_Street_Canmore_Alberta,https://www.youtube.com/watch?v=hORCPr-jWhk
Lauderdale-By-The-Sea,https://www.earthcam.com/usa/florida/lauderdalebythesea/town/?cam=lbts_town
St_Louis,https://www.earthcam.com/usa/missouri/stlouis/?cam=arch_riverview
brighton_michigan,https://www.earthcam.com/usa/michigan/brighton/?cam=brighton
dyersville_Iowa,https://www.earthcam.com/usa/iowa/dyersville/?cam=dyersville
Punta_Gorda_FL,https://s7.ipcamlive.com/streams/075f121fd05579fe3/snapshot.jpg
Venice_sidewalk_cafe,https://live1.brownrice.com/cam-images/westland.jpg
Ski_Red_Lodge,https://www.redlodge.com/webcam_BD/camera0.jpg
Ocean_city_broadwalk,https://s52.ipcamlive.com/streams/345f11c2388009c19/snapshot.jpg
Ocean_city_md_broadwalk2,https://s32.ipcamlive.com/streams/205f14f2ea20214bf/snapshot.jpg
Thrashers_french_fries_ocean_city,https://s30.ipcamlive.com/streams/1e5f13abb8b9bcb9f/snapshot.jpg
Ocean_city_Amusements,https://s11.ipcamlive.com/streams/0b5f10d5c87e8119f/snapshot.jpg
Castle_in_the_sand,https://s19.ipcamlive.com/streams/135f0e8838a42c527/snapshot.jpg
Mackys_Bayside,https://s57.ipcamlive.com/streams/395f0a296ac96cc24/snapshot.jpg
Fishers_popcorn,http://96.70.185.14:81/axis-cgi/mjpg/video.cgi?resolution=704x480&dummy=1360360695556
Bellagio,https://www.earthcam.com/usa/nevada/lasvegas/?cam=bellagio
Historic_plaza_park,https://www.earthcam.com/usa/newmexico/lasvegas/?cam=lasvegasnm
Maryland_Broadwalk,https://oceancitylive.com/ocean-city-webcams/ocean-city-maryland-boardwalk-audio-cam/
Apgar_Village, https://www.nps.gov/webcams-glac/apvccam.jpg
Great_Divide_Ski_Cam, https://www.skigd.com/webcam/webcam.jpg
Grand_Targhee_Resort_Dreamcatcher,https://www.youtube.com/watch?v=g7fWaol3P1g
Grand_Targhee_Resort_Plaza,https://www.youtube.com/watch?v=2fLoP1AP9X0
Fort_Benton,http://www.fortbentonwebcam.com/FTBenton13th.jpg
St_Front_Benton, http://www.fortbentonwebcam.com/FTBentonFTStreet.jpg
Montana_Properties, http://clearwaterwebcams.com/bigfork.php
University_of_Tampa,https://www.youtube.com/watch?v=bB96qObNTSU&feature=emb_title
Carmel Indiana Midtown Plaza,https://www.youtube.com/watch?v=3XTcfrdVh6E
Carters Green,https://www.youtube.com/watch?v=5TxrAw72TcQ
Seascape Whales,https://www.youtube.com/watch?v=6l5WCN5Re6k
Sturgis Motorcycle Museum, https://www.youtube.com/watch?v=WuhUkOvFMyA
Sturgis Motorcycle Museum2,https://www.youtube.com/watch?v=d66NPsy_MPg
Southampton Village Cam,https://www.youtube.com/watch?v=9IbruokZzx0